{"TRIUMVIRATO-PIETRA": 4405.094891509561, "CASTELDEBOLE": 4973.8663606508435, "BATTINDARNO": 3940.2013906828543, "SAN SAVINO": 4481.191157872077, "CROCE COPERTA": 3549.1881744773973, "LUNGO RENO": 4934.567005621693, "OSPEDALE BELLARIA": 5518.321415546525, "MEZZOFANTI": 3617.037183353865, "PESCAROLA": 4966.202771016663, "BEVERARA": 3934.6483802856037, "MALPIGHI-1": 1879.5357816965968, "STADIO-MELONCELLO": 4781.804888771653, "CASERME ROSSE-MANIFATTURA": 4202.079491099166, "CNR": 4479.524116084202, "ARCOVEGGIO": 3624.9067543335327, "VIA FERRARESE": 3245.0155764195715, "PIAZZA DELL'UNITA'": 2728.1315266908073, "BARGELLINO": 3489.5474608925697, "EMILIA PONENTE": 3474.778188995805, "ROVERI": 3257.9112732728627, "OSPEDALE SANT'ORSOLA": 2935.3021944661295, "MENGOLI": 3399.928230465383, "GUELFA": 3889.929623973254, "CROCE DEL BIACCO": 4435.9985204338145, "PRATI DI CAPRARA-OSPEDALE MAGGIORE": 4536.114460299646, "SCALO RAVONE": 2857.5088711014637, "VIA VITTORIO VENETO": 3035.3471760797347, "AGUCCHI": 3924.5002946267446, "PILASTRO": 4942.509851799919, "VIA DEL LAVORO": 3349.7013323464107, "FOSSOLO": 4378.2375767727535, "LUNGO SAVENA": 5259.315724964807, "PONTEVECCHIO": 3446.2878052423275, "CADRIANO-CALAMOSCO": 5236.726856067958, "GALVANI-1": 1846.372475449324, "GALVANI-2": 2762.9490155301382, "DUCATI-VILLAGGIO INA": 3845.0383037886695, "BORGO CENTRO": 4250.03433983434, "MULINO DEL GOMITO": 4051.189743864538, "OSSERVANZA": 5430.945980349971, "VILLAGGIO DELLA BARCA": 4895.934562411217, "SAN MICHELE IN BOSCO": 5281.601635723241, "PADERNO": 6220.114348745243, "SAVENA ABBANDONATO": 5129.762796660465, "AEROPORTO": 4297.883987421037, "GIARDINI MARGHERITA": 4988.469425972637, "LAZZARETTO": 4326.346628305375, "MONTE DONATO": 6135.6543443948885, "CANALE DI RENO": 4380.609666703783, "LAVINO DI MEZZO": 5053.730216806593, "VIA ARNO": 4680.021903967924, "CIRENAICA": 3482.5483498025874, "LA DOZZA": 4242.116683552854, "SAN GIUSEPPE": 4319.056366249343, "VIA DEL GENIO": 6357.26751656043, "SAN LUCA": 6149.728123278685, "VELODROMO": 3319.835317460317, "MICHELINO": 3563.505376344086, "VIA TOSCANA": 4366.253889727693, "PONTE SAVENA-LA BASTIA": 5203.40825958702, "VIA MONDO": 3768.421970251159, "SCALO MERCI SAN DONATO": 4275.6843017382525, "IRNERIO-1": 1855.9167645140249, "LAGHETTI DEL ROSARIO": 5086.660114665367, "RIGOSA": 5594.540093460624, "MARCONI-2": 2298.4272616485, "LA BIRRA": 4510.969530355097, "SIEPELUNGA": 4350.3012736344535, "DAGNINI": 3450.7143664245364, "MALPIGHI-2": 2715.9231249755985, "CHIESANUOVA": 4020.556975841979, "XXI APRILE": 3220.3583235952865, "EX MERCATO ORTOFRUTTICOLO": 3160.998207885304, "VIA DEL VIVAIO": 5479.325659216516, "SCANDELLARA": 5379.141914191419, "VIA LARGA": 4315.468037640951, "MARCONI-1": 1764.7354242058705, "RAVONE": 5929.157618004975, "STRADELLI GUELFI": 5201.350818794001, "ZANARDI": 2474.76001237331, "CORELLI": 4425.416951390608, "SAN DONNINO": 4731.620878206499, "CAAB": 4352.780010815281, "DUE MADONNE": 4175.5408712098815, "FIERA": 3288.81414506731, "IRNERIO-2": 2696.3137376762056, "LA NOCE": 4983.550791235859, "TIRO A SEGNO": 5432.902906884871, "BITONE": 3070.953789799944, "CAVEDONE": 4148.777605556991}